run,config,seed,val_rmse,val_mae,val_nasa,best_epoch,epochs_run,seconds
run_01,2GRU(32)+LSTM(32) d=0.2,0,13.997300609575314,10.609744539550015,14695.140084212122,14,24,81
run_01,2GRU(32)+LSTM(32) d=0.2,1,14.055582178568317,10.016992180228916,16276.16506483349,10,20,66
run_01,2GRU(32)+LSTM(32) d=0.2,2,14.218289902030481,10.299769568234902,14353.529706283876,13,23,75
run_02,2GRU(64)+LSTM(32) d=0.2,0,14.039186549417211,10.411015067911968,13645.69743535667,7,17,89
run_02,2GRU(64)+LSTM(32) d=0.2,1,13.671775544280553,10.112828951028812,14200.644909834007,8,18,96
run_02,2GRU(64)+LSTM(32) d=0.2,2,14.304908269728184,10.518872928892906,13015.028449132104,11,21,108
run_03,3GRU(64)+LSTM(32) d=0.2,0,14.474744428932114,11.259620270359324,15996.516587893657,7,17,119
run_03,3GRU(64)+LSTM(32) d=0.2,1,14.88678195492455,10.445796648194575,20117.426284960766,17,27,199
run_03,3GRU(64)+LSTM(32) d=0.2,2,13.974471767704536,10.53639051807412,14035.846411401202,8,18,142
run_04,3GRU(64)+LSTM(64) d=0.2,0,14.232611165635266,10.329595417052923,16582.26287479757,7,17,150
run_04,3GRU(64)+LSTM(64) d=0.2,1,14.616249196164564,10.01645885699761,18774.57575073954,8,18,152
run_04,3GRU(64)+LSTM(64) d=0.2,2,13.754997687132102,10.036186114405387,13625.9340299785,7,17,147
run_05,4GRU(64)+LSTM(64) d=0.2,0,14.022361267542783,9.94210677311675,15259.022148296855,11,21,223
run_05,4GRU(64)+LSTM(64) d=0.2,1,15.025809458009824,10.680655039584366,19318.7723954396,13,23,191
run_05,4GRU(64)+LSTM(64) d=0.2,2,14.081033196699732,9.810708080865881,15595.059544355496,13,23,229
run_06,4GRU(64)+LSTM(64) d=0.3,0,14.887507518792555,10.537419695373572,20815.500432277448,17,27,270
run_06,4GRU(64)+LSTM(64) d=0.3,1,14.450315810141241,10.533107102161482,18256.447207434452,8,18,186
run_06,4GRU(64)+LSTM(64) d=0.3,2,14.215080826070851,10.672599242281242,15224.252952526385,11,21,209
run_07,3GRU(64)+LSTM(64) d=0.3,0,13.867622025285074,9.679391595744852,14918.202591918844,8,18,148
run_07,3GRU(64)+LSTM(64) d=0.3,1,15.282432628382573,10.736990627940317,21567.245153996762,10,20,157
run_07,3GRU(64)+LSTM(64) d=0.3,2,14.06686345131464,10.74296350858147,12132.84040325976,7,17,134
run_08,2GRU(64)+LSTM(64) d=0.3,0,14.620690016217981,10.109933841427113,17715.215879683583,13,23,141
run_08,2GRU(64)+LSTM(64) d=0.3,1,13.975388647571123,10.053322959096013,15812.548367360121,11,21,126
run_08,2GRU(64)+LSTM(64) d=0.3,2,14.294581233690305,10.055519185278527,16000.954244383061,8,18,109
run_09,LSTM(64)+2GRU(64) d=0.2,0,14.968431129056627,11.11767867926332,18670.448251673835,6,16,99
run_09,LSTM(64)+2GRU(64) d=0.2,1,13.819713713022454,10.452670109854862,12130.771010029614,11,21,125
run_09,LSTM(64)+2GRU(64) d=0.2,2,13.977180202477832,10.390311893919263,14084.059996703065,11,21,129
